Name,Date,Tags
"北海道滑雪團（5天4夜 / 4-6人成行）NT.45,000起",2024/01/11 → 2024/01/15,御居所 1F（4-6人）
"北海道滑雪團（5天4夜 / 8-11人成行）NT.38,000起",2024/03/28 → 2024/04/01,御居所2F（8-11人）
"北海道滑雪團（5天4夜 / 6-9人成行）NT.38,000起",2024/01/04 → 2024/01/08,御居所3F（6-9人）
"北海道滑雪團（5天4夜 / 4-6人成行）NT.45,000起",2024/01/04 → 2024/01/08,御居所 1F（4-6人）
"北海道滑雪團（5天4夜 / 4-6人成行）NT.45,000起",2024/03/28 → 2024/04/01,御居所 1F（4-6人）
"北海道滑雪團（5天4夜 / 4-6人成行）NT.45,000起",2024/01/18 → 2024/01/22,御居所 1F（4-6人）
"北海道滑雪團（5天4夜 / 4-6人成行）NT.45,000起",2024/01/25 → 2024/01/29,御居所 1F（4-6人）
"北海道滑雪團（5天4夜 / 4-6人成行）NT.45,000起",2024/02/01 → 2024/02/05,御居所 1F（4-6人）
"北海道滑雪團（5天4夜 / 4-6人成行）NT.45,000起",2024/02/08 → 2024/02/12,御居所 1F（4-6人）
"北海道滑雪團（5天4夜 / 4-6人成行）NT.45,000起",2024/02/15 → 2024/02/19,御居所 1F（4-6人）
"北海道滑雪團（5天4夜 / 4-6人成行）NT.45,000起",2024/02/22 → 2024/02/26,御居所 1F（4-6人）
"北海道滑雪團（5天4夜 / 4-6人成行）NT.45,000起",2024/02/29 → 2024/03/04,御居所 1F（4-6人）
"北海道滑雪團（5天4夜 / 4-6人成行）NT.45,000起",2024/03/07 → 2024/03/11,御居所 1F（4-6人）
"北海道滑雪團（5天4夜 / 4-6人成行）NT.45,000起",2024/03/14 → 2024/03/18,御居所 1F（4-6人）
"北海道滑雪團（5天4夜 / 4-6人成行）NT.45,000起",2024/03/21 → 2024/03/25,御居所 1F（4-6人）
"北海道滑雪團（5天4夜 / 6-9人成行）NT.38,000起",2024/02/01 → 2024/02/05,御居所3F（6-9人）
"北海道滑雪團（5天4夜 / 6-9人成行）NT.38,000起",2024/01/11 → 2024/01/15,御居所3F（6-9人）
"北海道滑雪團（5天4夜 / 6-9人成行）NT.38,000起",2024/01/18 → 2024/01/22,御居所3F（6-9人）
"北海道滑雪團（5天4夜 / 6-9人成行）NT.38,000起",2024/01/25 → 2024/01/29,御居所3F（6-9人）
"北海道滑雪團（5天4夜 / 6-9人成行）NT.38,000起",2024/02/08 → 2024/02/12,御居所3F（6-9人）
"北海道滑雪團（5天4夜 / 6-9人成行）NT.38,000起",2024/03/28 → 2024/04/01,御居所3F（6-9人）
"北海道滑雪團（5天4夜 / 6-9人成行）NT.38,000起",2024/02/15 → 2024/02/19,御居所3F（6-9人）
"北海道滑雪團（5天4夜 / 6-9人成行）NT.38,000起",2024/02/22 → 2024/02/26,御居所3F（6-9人）
"北海道滑雪團（5天4夜 / 8-11人成行）NT.38,000起",2024/02/29 → 2024/03/04,御居所2F（8-11人）
"北海道滑雪團（5天4夜 / 6-9人成行）NT.38,000起",2024/03/07 → 2024/03/11,御居所3F（6-9人）
"北海道滑雪團（5天4夜 / 6-9人成行）NT.38,000起",2024/03/14 → 2024/03/18,御居所3F（6-9人）
"北海道滑雪團（5天4夜 / 6-9人成行）NT.38,000起",2024/03/21 → 2024/03/25,御居所3F（6-9人）
"北海道滑雪團（5天4夜 / 8-11人成行）NT.38,000起",2024/01/04 → 2024/01/08,御居所2F（8-11人）
"北海道滑雪團（5天4夜 / 8-11人成行）NT.38,000起",2024/01/11 → 2024/01/15,御居所2F（8-11人）
"北海道滑雪團（5天4夜 / 8-11人成行）NT.38,000起",2024/01/18 → 2024/01/22,御居所2F（8-11人）
"北海道滑雪團（5天4夜 / 8-11人成行）NT.38,000起",2024/01/25 → 2024/01/29,御居所2F（8-11人）
"北海道滑雪團（5天4夜 / 8-11人成行）NT.38,000起",2024/02/01 → 2024/02/05,御居所2F（8-11人）
"北海道滑雪團（5天4夜 / 8-11人成行）NT.38,000起",2024/02/08 → 2024/02/12,御居所2F（8-11人）
"北海道滑雪團（5天4夜 / 8-11人成行）NT.38,000起",2024/02/15 → 2024/02/19,御居所2F（8-11人）
"北海道滑雪團（5天4夜 / 8-11人成行）NT.38,000起",2024/02/22 → 2024/02/26,御居所2F（8-11人）
"北海道滑雪團（5天4夜 / 6-9人成行）NT.38,000起",2024/02/29 → 2024/03/04,御居所3F（6-9人）
"北海道滑雪團（5天4夜 / 8-11人成行）NT.38,000起",2024/03/07 → 2024/03/11,御居所2F（8-11人）
"北海道滑雪團（5天4夜 / 8-11人成行）NT.38,000起",2024/03/14 → 2024/03/18,御居所2F（8-11人）
"北海道滑雪團（5天4夜 / 8-11人成行）NT.38,000起",2024/03/21 → 2024/03/25,御居所2F（8-11人）
